UNDERLYING                          ,SYMBOL    ,JUN-26     ,JUL-26     ,AUG-26     ,SEP-26     ,DEC-26     ,MAR-27     ,JUN-27     ,DEC-27     ,JUN-28     ,DEC-28     ,JUN-29     ,DEC-29     ,JUN-30     ,DEC-30     
NIFTY 50                            ,NIFTY     ,65         ,65         ,65         ,65         ,65         ,65         ,65         ,65         ,65         ,65         ,65         ,65         ,65         ,65         
NIFTY BANK                          ,BANKNIFTY ,30         ,30         ,30         ,30         ,30         ,30         ,           ,           ,           ,           ,           ,           ,           ,           
NIFTY FINANCIAL SERVICES            ,FINNIFTY  ,60         ,60         ,60         ,           ,           ,           ,           ,           ,           ,           ,           ,           ,           ,           
NIFTY MID SELECT                    ,MIDCPNIFTY,120        ,120        ,120        ,           ,           ,           ,           ,           ,           ,           ,           ,           ,           ,           
NIFTY NEXT 50                       ,NIFTYNXT50,25         ,25         ,25         ,           ,           ,           ,           ,           ,           ,           ,           ,           ,           ,           
Derivatives on Individual Securities,Symbol    ,JUN-26     ,JUL-26     ,AUG-26     ,           ,           ,           ,           ,           ,           ,           ,           ,           ,           ,           
ABB INDIA LIMITED                   ,ABB       ,125        ,125        ,125        ,           ,           ,           ,           ,           ,           ,           ,           ,           ,           ,           
ADITYA BIRLA CAPITAL LTD.           ,ABCAPITAL ,3100       ,3100       ,3100       ,           ,           ,           ,           ,           ,           ,           ,           ,           ,           ,           
ADANI PORT & SEZ LTD                ,ADANIPORTS,475        ,475        ,475        ,           ,           ,           ,           ,           ,           ,           ,           ,           ,           ,           
AMBER ENTERPRISES (I) LTD           ,AMBER     ,100        ,100        ,100        ,           ,           ,           ,           ,           ,           ,           ,           ,           ,           ,           
ANGEL ONE LIMITED                   ,ANGELONE  ,2500       ,2500       ,2500       ,           ,           ,           ,           ,           ,           ,           ,           ,           ,           ,           
ASHOK LEYLAND LTD                   ,ASHOKLEY  ,5000       ,5000       ,5000       ,           ,           ,           ,           ,           ,           ,           ,           ,           ,           ,           
BAJAJ AUTO LIMITED                  ,BAJAJ-AUTO,75         ,75         ,75         ,           ,           ,           ,           ,           ,           ,           ,           ,           ,           ,           
BAJAJ HOLDINGS & INVS LTD           ,BAJAJHLDNG,50         ,75         ,75         ,           ,           ,           ,           ,           ,           ,           ,           ,           ,           ,           
BAJAJ FINANCE LIMITED               ,BAJFINANCE,750        ,750        ,750        ,           ,           ,           ,           ,           ,           ,           ,           ,           ,           ,           
ADANI ENERGY SOLUTION LTD           ,ADANIENSOL,675        ,675        ,675        ,           ,           ,           ,           ,           ,           ,           ,           ,           ,           ,           
ADANI POWER LTD                     ,ADANIPOWER,3550       ,3550       ,3550       ,           ,           ,           ,           ,           ,           ,           ,           ,           ,           ,           
BANDHAN BANK LIMITED                ,BANDHANBNK,3600       ,3600       ,3600       ,           ,           ,           ,           ,           ,           ,           ,           ,           ,           ,           
BLUE STAR LIMITED                   ,BLUESTARCO,325        ,325        ,325        ,           ,           ,           ,           ,           ,           ,           ,           ,           ,           ,           
BOSCH LIMITED                       ,BOSCHLTD  ,25         ,25         ,25         ,           ,           ,           ,           ,           ,           ,           ,           ,           ,           ,           
BHARAT PETROLEUM CORP  LT           ,BPCL      ,1975       ,1975       ,1975       ,           ,           ,           ,           ,           ,           ,           ,           ,           ,           ,           
CENTRAL DEPO SER (I) LTD            ,CDSL      ,475        ,475        ,475        ,           ,           ,           ,           ,           ,           ,           ,           ,           ,           ,           
ADANI ENTERPRISES LIMITED           ,ADANIENT  ,309        ,309        ,309        ,           ,           ,           ,           ,           ,           ,           ,           ,           ,           ,           
ADANI GREEN ENERGY LTD              ,ADANIGREEN,600        ,600        ,600        ,           ,           ,           ,           ,           ,           ,           ,           ,           ,           ,           
CHOLAMANDALAM IN & FIN CO           ,CHOLAFIN  ,625        ,625        ,625        ,           ,           ,           ,           ,           ,           ,           ,           ,           ,           ,           
AMBUJA CEMENTS LTD                  ,AMBUJACEM ,1050       ,1200       ,1200       ,           ,           ,           ,           ,           ,           ,           ,           ,           ,           ,           
ALKEM LABORATORIES LTD.             ,ALKEM     ,125        ,125        ,125        ,           ,           ,           ,           ,           ,           ,           ,           ,           ,           ,           
ASIAN PAINTS LIMITED                ,ASIANPAINT,250        ,250        ,250        ,           ,           ,           ,           ,           ,           ,           ,           ,           ,           ,           
AU SMALL FINANCE BANK LTD           ,AUBANK    ,1000       ,1000       ,1000       ,           ,           ,           ,           ,           ,           ,           ,           ,           ,           ,           
APOLLO HOSPITALS ENTER. L           ,APOLLOHOSP,125        ,125        ,125        ,           ,           ,           ,           ,           ,           ,           ,           ,           ,           ,           
ASTRAL LIMITED                      ,ASTRAL    ,425        ,425        ,425        ,           ,           ,           ,           ,           ,           ,           ,           ,           ,           ,           
CROMPT GREA CON ELEC LTD            ,CROMPTON  ,1800       ,2150       ,2150       ,           ,           ,           ,           ,           ,           ,           ,           ,           ,           ,           
CUMMINS INDIA LTD                   ,CUMMINSIND,200        ,200        ,200        ,           ,           ,           ,           ,           ,           ,           ,           ,           ,           ,           
DIVI S LABORATORIES LTD             ,DIVISLAB  ,100        ,100        ,100        ,           ,           ,           ,           ,           ,           ,           ,           ,           ,           ,           
BHARAT DYNAMICS LIMITED             ,BDL       ,350        ,425        ,425        ,           ,           ,           ,           ,           ,           ,           ,           ,           ,           ,           
AUROBINDO PHARMA LTD                ,AUROPHARMA,550        ,550        ,550        ,           ,           ,           ,           ,           ,           ,           ,           ,           ,           ,           
DR. REDDY S LABORATORIES            ,DRREDDY   ,625        ,625        ,625        ,           ,           ,           ,           ,           ,           ,           ,           ,           ,           ,           
BHEL                                ,BHEL      ,2625       ,2625       ,2625       ,           ,           ,           ,           ,           ,           ,           ,           ,           ,           ,           
AXIS BANK LIMITED                   ,AXISBANK  ,625        ,625        ,625        ,           ,           ,           ,           ,           ,           ,           ,           ,           ,           ,           
BAJAJ FINSERV LTD.                  ,BAJAJFINSV,250        ,300        ,300        ,           ,           ,           ,           ,           ,           ,           ,           ,           ,           ,           
EICHER MOTORS LTD                   ,EICHERMOT ,100        ,100        ,100        ,           ,           ,           ,           ,           ,           ,           ,           ,           ,           ,           
ETERNAL LIMITED                     ,ETERNAL   ,2425       ,2425       ,2425       ,           ,           ,           ,           ,           ,           ,           ,           ,           ,           ,           
CG POWER AND IND SOL LTD            ,CGPOWER   ,850        ,850        ,850        ,           ,           ,           ,           ,           ,           ,           ,           ,           ,           ,           
EXIDE INDUSTRIES LTD                ,EXIDEIND  ,1800       ,1800       ,           ,           ,           ,           ,           ,           ,           ,           ,           ,           ,           ,           
BHARAT ELECTRONICS LTD              ,BEL       ,1425       ,1425       ,1425       ,           ,           ,           ,           ,           ,           ,           ,           ,           ,           ,           
CONTAINER CORP OF IND LTD           ,CONCOR    ,1250       ,1250       ,1250       ,           ,           ,           ,           ,           ,           ,           ,           ,           ,           ,           
BIOCON LIMITED.                     ,BIOCON    ,2500       ,2500       ,2500       ,           ,           ,           ,           ,           ,           ,           ,           ,           ,           ,           
GODFREY PHILLIPS INDIA LT           ,GODFRYPHLP,275        ,275        ,275        ,           ,           ,           ,           ,           ,           ,           ,           ,           ,           ,           
COMPUTER AGE MNGT SER LTD           ,CAMS      ,750        ,825        ,825        ,           ,           ,           ,           ,           ,           ,           ,           ,           ,           ,           
BRITANNIA INDUSTRIES LTD            ,BRITANNIA ,125        ,125        ,125        ,           ,           ,           ,           ,           ,           ,           ,           ,           ,           ,           
COFORGE LIMITED                     ,COFORGE   ,375        ,475        ,475        ,           ,           ,           ,           ,           ,           ,           ,           ,           ,           ,           
BSE LIMITED                         ,BSE       ,375        ,200        ,200        ,           ,           ,           ,           ,           ,           ,           ,           ,           ,           ,           
COLGATE PALMOLIVE LTD.              ,COLPAL    ,225        ,275        ,275        ,           ,           ,           ,           ,           ,           ,           ,           ,           ,           ,           
HAVELLS INDIA LIMITED               ,HAVELLS   ,500        ,500        ,500        ,           ,           ,           ,           ,           ,           ,           ,           ,           ,           ,           
DABUR INDIA LTD                     ,DABUR     ,1250       ,1250       ,1250       ,           ,           ,           ,           ,           ,           ,           ,           ,           ,           ,           
CANARA BANK                         ,CANBK     ,6750       ,6750       ,6750       ,           ,           ,           ,           ,           ,           ,           ,           ,           ,           ,           
HDFC LIFE INS CO LTD                ,HDFCLIFE  ,1100       ,1100       ,1100       ,           ,           ,           ,           ,           ,           ,           ,           ,           ,           ,           
APL APOLLO TUBES LTD                ,APLAPOLLO ,350        ,350        ,350        ,           ,           ,           ,           ,           ,           ,           ,           ,           ,           ,           
ICICI BANK LTD.                     ,ICICIBANK ,700        ,700        ,700        ,           ,           ,           ,           ,           ,           ,           ,           ,           ,           ,           
ICICI PRU LIFE INS CO LTD           ,ICICIPRULI,925        ,925        ,925        ,           ,           ,           ,           ,           ,           ,           ,           ,           ,           ,           
IDFC FIRST BANK LIMITED             ,IDFCFIRSTB,9275       ,9275       ,9275       ,           ,           ,           ,           ,           ,           ,           ,           ,           ,           ,           
INDIAN BANK                         ,INDIANB   ,1000       ,1000       ,1000       ,           ,           ,           ,           ,           ,           ,           ,           ,           ,           ,           
COCHIN SHIPYARD LIMITED             ,COCHINSHIP,400        ,400        ,400        ,           ,           ,           ,           ,           ,           ,           ,           ,           ,           ,           
INDUSIND BANK LIMITED               ,INDUSINDBK,700        ,700        ,700        ,           ,           ,           ,           ,           ,           ,           ,           ,           ,           ,           
DIXON TECHNO (INDIA) LTD            ,DIXON     ,50         ,50         ,50         ,           ,           ,           ,           ,           ,           ,           ,           ,           ,           ,           
INDIAN RENEWABLE ENERGY             ,IREDA     ,3450       ,4525       ,4525       ,           ,           ,           ,           ,           ,           ,           ,           ,           ,           ,           
DALMIA BHARAT LIMITED               ,DALBHARAT ,325        ,325        ,325        ,           ,           ,           ,           ,           ,           ,           ,           ,           ,           ,           
GAIL (INDIA) LTD                    ,GAIL      ,3150       ,3550       ,3550       ,           ,           ,           ,           ,           ,           ,           ,           ,           ,           ,           
DELHIVERY LIMITED                   ,DELHIVERY ,2075       ,2075       ,2075       ,           ,           ,           ,           ,           ,           ,           ,           ,           ,           ,           
JINDAL STEEL LIMITED                ,JINDALSTEL,625        ,625        ,625        ,           ,           ,           ,           ,           ,           ,           ,           ,           ,           ,           
GE VERNOVA T&D INDIA LTD            ,GVT&D     ,125        ,125        ,125        ,           ,           ,           ,           ,           ,           ,           ,           ,           ,           ,           
DLF LIMITED                         ,DLF       ,825        ,950        ,950        ,           ,           ,           ,           ,           ,           ,           ,           ,           ,           ,           
AVENUE SUPERMARTS LIMITED           ,DMART     ,150        ,150        ,150        ,           ,           ,           ,           ,           ,           ,           ,           ,           ,           ,           
KOTAK MAHINDRA BANK LTD             ,KOTAKBANK ,2000       ,2000       ,2000       ,           ,           ,           ,           ,           ,           ,           ,           ,           ,           ,           
KPIT TECHNOLOGIES LIMITED           ,KPITTECH  ,425        ,775        ,775        ,           ,           ,           ,           ,           ,           ,           ,           ,           ,           ,           
LAURUS LABS LIMITED                 ,LAURUSLABS,850        ,850        ,850        ,           ,           ,           ,           ,           ,           ,           ,           ,           ,           ,           
LIC HOUSING FINANCE LTD             ,LICHSGFIN ,1000       ,1000       ,1000       ,           ,           ,           ,           ,           ,           ,           ,           ,           ,           ,           
HINDALCO  INDUSTRIES  LTD           ,HINDALCO  ,700        ,700        ,700        ,           ,           ,           ,           ,           ,           ,           ,           ,           ,           ,           
LODHA DEVELOPERS LIMITED            ,LODHA     ,450        ,625        ,625        ,           ,           ,           ,           ,           ,           ,           ,           ,           ,           ,           
HYUNDAI MOTOR INDIA LTD             ,HYUNDAI   ,275        ,275        ,275        ,           ,           ,           ,           ,           ,           ,           ,           ,           ,           ,           
FEDERAL BANK LTD                    ,FEDERALBNK,2500       ,2500       ,2500       ,           ,           ,           ,           ,           ,           ,           ,           ,           ,           ,           
LTM LIMITED                         ,LTM       ,150        ,150        ,150        ,           ,           ,           ,           ,           ,           ,           ,           ,           ,           ,           
MAHINDRA & MAHINDRA LTD             ,M&M       ,200        ,200        ,200        ,           ,           ,           ,           ,           ,           ,           ,           ,           ,           ,           
FORCE MOTORS LIMITED                ,FORCEMOT  ,25         ,25         ,25         ,           ,           ,           ,           ,           ,           ,           ,           ,           ,           ,           
GLENMARK PHARMACEUTICALS            ,GLENMARK  ,375        ,375        ,375        ,           ,           ,           ,           ,           ,           ,           ,           ,           ,           ,           
INTERGLOBE AVIATION LTD             ,INDIGO    ,150        ,150        ,150        ,           ,           ,           ,           ,           ,           ,           ,           ,           ,           ,           
GMR AIRPORTS LIMITED                ,GMRAIRPORT,6975       ,6975       ,6975       ,           ,           ,           ,           ,           ,           ,           ,           ,           ,           ,           
MARUTI SUZUKI INDIA LTD.            ,MARUTI    ,50         ,50         ,50         ,           ,           ,           ,           ,           ,           ,           ,           ,           ,           ,           
ITC LTD                             ,ITC       ,1600       ,1725       ,1725       ,           ,           ,           ,           ,           ,           ,           ,           ,           ,           ,           
GODREJ CONSUMER PRODUCTS            ,GODREJCP  ,500        ,500        ,500        ,           ,           ,           ,           ,           ,           ,           ,           ,           ,           ,           
GODREJ PROPERTIES LTD               ,GODREJPROP,275        ,325        ,325        ,           ,           ,           ,           ,           ,           ,           ,           ,           ,           ,           
GRASIM INDUSTRIES LTD               ,GRASIM    ,250        ,250        ,250        ,           ,           ,           ,           ,           ,           ,           ,           ,           ,           ,           
MULTI COMMODITY EXCHANGE            ,MCX       ,625        ,225        ,225        ,           ,           ,           ,           ,           ,           ,           ,           ,           ,           ,           
HINDUSTAN AERONAUTICS LTD           ,HAL       ,150        ,150        ,150        ,           ,           ,           ,           ,           ,           ,           ,           ,           ,           ,           
NATIONAL ALUMINIUM CO LTD           ,NATIONALUM,1875       ,1875       ,1875       ,           ,           ,           ,           ,           ,           ,           ,           ,           ,           ,           
HCL TECHNOLOGIES LTD                ,HCLTECH   ,350        ,400        ,400        ,           ,           ,           ,           ,           ,           ,           ,           ,           ,           ,           
HDFC AMC LIMITED                    ,HDFCAMC   ,300        ,300        ,300        ,           ,           ,           ,           ,           ,           ,           ,           ,           ,           ,           
BANK OF INDIA                       ,BANKINDIA ,5200       ,5200       ,5200       ,           ,           ,           ,           ,           ,           ,           ,           ,           ,           ,           
HDFC BANK LTD                       ,HDFCBANK  ,550        ,650        ,650        ,           ,           ,           ,           ,           ,           ,           ,           ,           ,           ,           
HINDUSTAN UNILEVER LTD.             ,HINDUNILVR,300        ,300        ,300        ,           ,           ,           ,           ,           ,           ,           ,           ,           ,           ,           
NTPC LTD                            ,NTPC      ,1500       ,1500       ,1500       ,           ,           ,           ,           ,           ,           ,           ,           ,           ,           ,           
HINDUSTAN ZINC LIMITED              ,HINDZINC  ,1225       ,1225       ,1225       ,           ,           ,           ,           ,           ,           ,           ,           ,           ,           ,           
HERO MOTOCORP LIMITED               ,HEROMOTOCO,150        ,150        ,150        ,           ,           ,           ,           ,           ,           ,           ,           ,           ,           ,           
FSN E COMMERCE VENTURES             ,NYKAA     ,3125       ,3125       ,3125       ,           ,           ,           ,           ,           ,           ,           ,           ,           ,           ,           
POWER FIN CORP LTD.                 ,PFC       ,1300       ,1300       ,1300       ,           ,           ,           ,           ,           ,           ,           ,           ,           ,           ,           
THE PHOENIX MILLS LTD               ,PHOENIXLTD,350        ,350        ,350        ,           ,           ,           ,           ,           ,           ,           ,           ,           ,           ,           
PNB HOUSING FIN LTD.                ,PNBHOUSING,650        ,650        ,650        ,           ,           ,           ,           ,           ,           ,           ,           ,           ,           ,           
ICICI LOMBARD GIC LIMITED           ,ICICIGI   ,325        ,325        ,325        ,           ,           ,           ,           ,           ,           ,           ,           ,           ,           ,           
PB FINTECH LIMITED                  ,POLICYBZR ,350        ,350        ,350        ,           ,           ,           ,           ,           ,           ,           ,           ,           ,           ,           
INDIAN ENERGY EXC LTD               ,IEX       ,3750       ,4350       ,4350       ,           ,           ,           ,           ,           ,           ,           ,           ,           ,           ,           
THE INDIAN HOTELS CO. LTD           ,INDHOTEL  ,1000       ,1000       ,1000       ,           ,           ,           ,           ,           ,           ,           ,           ,           ,           ,           
INFOSYS LIMITED                     ,INFY      ,400        ,400        ,400        ,           ,           ,           ,           ,           ,           ,           ,           ,           ,           ,           
INDIAN OIL CORP LTD                 ,IOC       ,4875       ,4875       ,4875       ,           ,           ,           ,           ,           ,           ,           ,           ,           ,           ,           
RBL BANK LIMITED                    ,RBLBANK   ,3175       ,3175       ,3175       ,           ,           ,           ,           ,           ,           ,           ,           ,           ,           ,           
JSW ENERGY LIMITED                  ,JSWENERGY ,1000       ,1075       ,1075       ,           ,           ,           ,           ,           ,           ,           ,           ,           ,           ,           
REC LIMITED                         ,RECLTD    ,1400       ,1575       ,1575       ,           ,           ,           ,           ,           ,           ,           ,           ,           ,           ,           
INOX WIND LIMITED                   ,INOXWIND  ,3575       ,6400       ,6400       ,           ,           ,           ,           ,           ,           ,           ,           ,           ,           ,           
INDIAN RAILWAY FIN CORP L           ,IRFC      ,4250       ,5425       ,5425       ,           ,           ,           ,           ,           ,           ,           ,           ,           ,           ,           
JIO FIN SERVICES LTD                ,JIOFIN    ,2350       ,2350       ,2350       ,           ,           ,           ,           ,           ,           ,           ,           ,           ,           ,           
RAIL VIKAS NIGAM LIMITED            ,RVNL      ,1525       ,1925       ,1925       ,           ,           ,           ,           ,           ,           ,           ,           ,           ,           ,           
JSW STEEL LIMITED                   ,JSWSTEEL  ,675        ,675        ,675        ,           ,           ,           ,           ,           ,           ,           ,           ,           ,           ,           
JUBILANT FOODWORKS LTD              ,JUBLFOOD  ,1250       ,1250       ,1250       ,           ,           ,           ,           ,           ,           ,           ,           ,           ,           ,           
SBI LIFE INSURANCE CO LTD           ,SBILIFE   ,375        ,375        ,375        ,           ,           ,           ,           ,           ,           ,           ,           ,           ,           ,           
KALYAN JEWELLERS IND LTD            ,KALYANKJIL,1175       ,1350       ,1350       ,           ,           ,           ,           ,           ,           ,           ,           ,           ,           ,           
SRF LTD                             ,SRF       ,200        ,200        ,200        ,           ,           ,           ,           ,           ,           ,           ,           ,           ,           ,           
KAYNES TECHNOLOGY IND LTD           ,KAYNES    ,100        ,150        ,150        ,           ,           ,           ,           ,           ,           ,           ,           ,           ,           ,           
KEI INDUSTRIES LTD.                 ,KEI       ,175        ,175        ,175        ,           ,           ,           ,           ,           ,           ,           ,           ,           ,           ,           
LIFE INSURA CORP OF INDIA           ,LICI      ,1400       ,1400       ,1400       ,           ,           ,           ,           ,           ,           ,           ,           ,           ,           ,           
SUN PHARMACEUTICAL IND L            ,SUNPHARMA ,350        ,350        ,350        ,           ,           ,           ,           ,           ,           ,           ,           ,           ,           ,           
SWIGGY LIMITED                      ,SWIGGY    ,1300       ,1825       ,1825       ,           ,           ,           ,           ,           ,           ,           ,           ,           ,           ,           
TATA CONSUMER PRODUCT LTD           ,TATACONSUM,550        ,550        ,550        ,           ,           ,           ,           ,           ,           ,           ,           ,           ,           ,           
KFIN TECHNOLOGIES LIMITED           ,KFINTECH  ,500        ,575        ,575        ,           ,           ,           ,           ,           ,           ,           ,           ,           ,           ,           
TATA POWER CO LTD                   ,TATAPOWER ,1450       ,1450       ,1450       ,           ,           ,           ,           ,           ,           ,           ,           ,           ,           ,           
TECH MAHINDRA LIMITED               ,TECHM     ,600        ,600        ,600        ,           ,           ,           ,           ,           ,           ,           ,           ,           ,           ,           
LARSEN & TOUBRO LTD.                ,LT        ,175        ,175        ,175        ,           ,           ,           ,           ,           ,           ,           ,           ,           ,           ,           
TATA MOTORS PASS VEH LTD            ,TMPV      ,800        ,1600       ,1600       ,           ,           ,           ,           ,           ,           ,           ,           ,           ,           ,           
VARUN BEVERAGES LIMITED             ,VBL       ,1125       ,1275       ,1275       ,           ,           ,           ,           ,           ,           ,           ,           ,           ,           ,           
360 ONE WAM LIMITED                 ,360ONE    ,500        ,500        ,500        ,           ,           ,           ,           ,           ,           ,           ,           ,           ,           ,           
LUPIN LIMITED                       ,LUPIN     ,425        ,425        ,425        ,           ,           ,           ,           ,           ,           ,           ,           ,           ,           ,           
MANAPPURAM FINANCE LTD              ,MANAPPURAM,3000       ,3000       ,3000       ,           ,           ,           ,           ,           ,           ,           ,           ,           ,           ,           
MARICO LIMITED                      ,MARICO    ,1200       ,1200       ,1200       ,           ,           ,           ,           ,           ,           ,           ,           ,           ,           ,           
MAZAGON DOCK SHIPBUIL LTD           ,MAZDOCK   ,200        ,225        ,225        ,           ,           ,           ,           ,           ,           ,           ,           ,           ,           ,           
SAMVRDHNA MTHRSN INTL LTD           ,MOTHERSON ,6150       ,6150       ,6150       ,           ,           ,           ,           ,           ,           ,           ,           ,           ,           ,           
MOTILAL OSWAL FIN LTD               ,MOTILALOFS,775        ,775        ,775        ,           ,           ,           ,           ,           ,           ,           ,           ,           ,           ,           
MPHASIS LIMITED                     ,MPHASIS   ,275        ,275        ,275        ,           ,           ,           ,           ,           ,           ,           ,           ,           ,           ,           
NIPPON L I A M LTD                  ,NAM-INDIA ,625        ,625        ,625        ,           ,           ,           ,           ,           ,           ,           ,           ,           ,           ,           
MUTHOOT FINANCE LIMITED             ,MUTHOOTFIN,275        ,275        ,275        ,           ,           ,           ,           ,           ,           ,           ,           ,           ,           ,           
NBCC (INDIA) LIMITED                ,NBCC      ,6500       ,6500       ,6500       ,           ,           ,           ,           ,           ,           ,           ,           ,           ,           ,           
NESTLE INDIA LIMITED                ,NESTLEIND ,500        ,500        ,500        ,           ,           ,           ,           ,           ,           ,           ,           ,           ,           ,           
NHPC LTD                            ,NHPC      ,6400       ,6950       ,6950       ,           ,           ,           ,           ,           ,           ,           ,           ,           ,           ,           
NMDC LTD.                           ,NMDC      ,6750       ,6750       ,6750       ,           ,           ,           ,           ,           ,           ,           ,           ,           ,           ,           
OBEROI REALTY LIMITED               ,OBEROIRLTY,350        ,350        ,350        ,           ,           ,           ,           ,           ,           ,           ,           ,           ,           ,           
OIL AND NATURAL GAS CORP.           ,ONGC      ,2250       ,2250       ,2250       ,           ,           ,           ,           ,           ,           ,           ,           ,           ,           ,           
INFO EDGE (I) LTD                   ,NAUKRI    ,375        ,550        ,550        ,           ,           ,           ,           ,           ,           ,           ,           ,           ,           ,           
PAGE INDUSTRIES LTD                 ,PAGEIND   ,15         ,20         ,20         ,           ,           ,           ,           ,           ,           ,           ,           ,           ,           ,           
ONE 97 COMMUNICATIONS LTD           ,PAYTM     ,725        ,725        ,725        ,           ,           ,           ,           ,           ,           ,           ,           ,           ,           ,           
PERSISTENT SYSTEMS LTD              ,PERSISTENT,100        ,125        ,125        ,           ,           ,           ,           ,           ,           ,           ,           ,           ,           ,           
PETRONET LNG LIMITED                ,PETRONET  ,1900       ,1900       ,1900       ,           ,           ,           ,           ,           ,           ,           ,           ,           ,           ,           
PG ELECTROPLAST LTD                 ,PGEL      ,950        ,950        ,950        ,           ,           ,           ,           ,           ,           ,           ,           ,           ,           ,           
VEDANTA LIMITED                     ,VEDL      ,1150       ,1150       ,1150       ,           ,           ,           ,           ,           ,           ,           ,           ,           ,           ,           
PIDILITE INDUSTRIES LTD             ,PIDILITIND,500        ,500        ,500        ,           ,           ,           ,           ,           ,           ,           ,           ,           ,           ,           
ORACLE FIN SERV SOFT LTD.           ,OFSS      ,75         ,100        ,100        ,           ,           ,           ,           ,           ,           ,           ,           ,           ,           ,           
PI INDUSTRIES LTD                   ,PIIND     ,175        ,175        ,175        ,           ,           ,           ,           ,           ,           ,           ,           ,           ,           ,           
OIL INDIA LTD                       ,OIL       ,1400       ,1400       ,1400       ,           ,           ,           ,           ,           ,           ,           ,           ,           ,           ,           
PUNJAB NATIONAL BANK                ,PNB       ,8000       ,8000       ,8000       ,           ,           ,           ,           ,           ,           ,           ,           ,           ,           ,           
POLYCAB INDIA LIMITED               ,POLYCAB   ,125        ,125        ,125        ,           ,           ,           ,           ,           ,           ,           ,           ,           ,           ,           
HITACHI ENERGY INDIA LTD            ,POWERINDIA,25         ,25         ,25         ,           ,           ,           ,           ,           ,           ,           ,           ,           ,           ,           
PREMIER ENERGIES LIMITED            ,PREMIERENE,575        ,650        ,650        ,           ,           ,           ,           ,           ,           ,           ,           ,           ,           ,           
STEEL AUTHORITY OF INDIA            ,SAIL      ,4700       ,4700       ,4700       ,           ,           ,           ,           ,           ,           ,           ,           ,           ,           ,           
STATE BANK OF INDIA                 ,SBIN      ,750        ,750        ,750        ,           ,           ,           ,           ,           ,           ,           ,           ,           ,           ,           
SHRIRAM FINANCE LIMITED             ,SHRIRAMFIN,825        ,825        ,825        ,           ,           ,           ,           ,           ,           ,           ,           ,           ,           ,           
SIEMENS LTD                         ,SIEMENS   ,175        ,175        ,175        ,           ,           ,           ,           ,           ,           ,           ,           ,           ,           ,           
SOLAR INDUSTRIES (I) LTD            ,SOLARINDS ,50         ,50         ,50         ,           ,           ,           ,           ,           ,           ,           ,           ,           ,           ,           
SONA BLW PRECISION FRGS L           ,SONACOMS  ,1225       ,1225       ,1225       ,           ,           ,           ,           ,           ,           ,           ,           ,           ,           ,           
RADICO KHAITAN LTD                  ,RADICO    ,150        ,150        ,150        ,           ,           ,           ,           ,           ,           ,           ,           ,           ,           ,           
BHARTI AIRTEL LIMITED               ,BHARTIARTL,475        ,475        ,475        ,           ,           ,           ,           ,           ,           ,           ,           ,           ,           ,           
SAMMAAN CAPITAL LIMITED             ,SAMMAANCAP,4300       ,           ,           ,           ,           ,           ,           ,           ,           ,           ,           ,           ,           ,           
TATA ELXSI LIMITED                  ,TATAELXSI ,100        ,125        ,125        ,           ,           ,           ,           ,           ,           ,           ,           ,           ,           ,           
TATA STEEL LIMITED                  ,TATASTEEL ,2750       ,2750       ,2750       ,           ,           ,           ,           ,           ,           ,           ,           ,           ,           ,           
TUBE INVEST OF INDIA LTD            ,TIINDIA   ,200        ,200        ,200        ,           ,           ,           ,           ,           ,           ,           ,           ,           ,           ,           
SUZLON ENERGY LIMITED               ,SUZLON    ,9025       ,12700      ,12700      ,           ,           ,           ,           ,           ,           ,           ,           ,           ,           ,           
TITAN COMPANY LIMITED               ,TITAN     ,175        ,175        ,175        ,           ,           ,           ,           ,           ,           ,           ,           ,           ,           ,           
TORRENT PHARMACEUTICALS L           ,TORNTPHARM,125        ,125        ,125        ,           ,           ,           ,           ,           ,           ,           ,           ,           ,           ,           
TRENT LTD                           ,TRENT     ,150        ,225        ,225        ,           ,           ,           ,           ,           ,           ,           ,           ,           ,           ,           
TVS MOTOR COMPANY  LTD              ,TVSMOTOR  ,175        ,175        ,175        ,           ,           ,           ,           ,           ,           ,           ,           ,           ,           ,           
UNITED SPIRITS LIMITED              ,UNITDSPR  ,400        ,400        ,400        ,           ,           ,           ,           ,           ,           ,           ,           ,           ,           ,           
UPL LIMITED                         ,UPL       ,1355       ,1355       ,1355       ,           ,           ,           ,           ,           ,           ,           ,           ,           ,           ,           
SHREE CEMENT LIMITED                ,SHREECEM  ,25         ,25         ,25         ,           ,           ,           ,           ,           ,           ,           ,           ,           ,           ,           
CIPLA LTD                           ,CIPLA     ,375        ,425        ,425        ,           ,           ,           ,           ,           ,           ,           ,           ,           ,           ,           
BHARAT FORGE LTD                    ,BHARATFORG,500        ,500        ,500        ,           ,           ,           ,           ,           ,           ,           ,           ,           ,           ,           
VISHAL MEGA MART LIMITED            ,VMM       ,4850       ,4850       ,4850       ,           ,           ,           ,           ,           ,           ,           ,           ,           ,           ,           
VOLTAS LTD                          ,VOLTAS    ,375        ,375        ,375        ,           ,           ,           ,           ,           ,           ,           ,           ,           ,           ,           
TATA CONSULTANCY SERV LT            ,TCS       ,175        ,225        ,225        ,           ,           ,           ,           ,           ,           ,           ,           ,           ,           ,           
WIPRO LTD                           ,WIPRO     ,3000       ,3000       ,3000       ,           ,           ,           ,           ,           ,           ,           ,           ,           ,           ,           
COAL INDIA LTD                      ,COALINDIA ,1350       ,1350       ,1350       ,           ,           ,           ,           ,           ,           ,           ,           ,           ,           ,           
FORTIS HEALTHCARE LTD               ,FORTIS    ,775        ,775        ,775        ,           ,           ,           ,           ,           ,           ,           ,           ,           ,           ,           
L&T FINANCE LIMITED                 ,LTF       ,2250       ,2250       ,2250       ,           ,           ,           ,           ,           ,           ,           ,           ,           ,           ,           
BANK OF BARODA                      ,BANKBARODA,2925       ,2925       ,2925       ,           ,           ,           ,           ,           ,           ,           ,           ,           ,           ,           
MAX HEALTHCARE INS LTD              ,MAXHEALTH ,525        ,525        ,525        ,           ,           ,           ,           ,           ,           ,           ,           ,           ,           ,           
HINDUSTAN PETROLEUM CORP            ,HINDPETRO ,2025       ,2025       ,2025       ,           ,           ,           ,           ,           ,           ,           ,           ,           ,           ,           
PATANJALI FOODS LIMITED             ,PATANJALI ,900        ,1075       ,1075       ,           ,           ,           ,           ,           ,           ,           ,           ,           ,           ,           
INDUS TOWERS LIMITED                ,INDUSTOWER,1700       ,1700       ,1700       ,           ,           ,           ,           ,           ,           ,           ,           ,           ,           ,           
POWER GRID CORP. LTD.               ,POWERGRID ,1900       ,1900       ,1900       ,           ,           ,           ,           ,           ,           ,           ,           ,           ,           ,           
PRESTIGE ESTATE LTD                 ,PRESTIGE  ,450        ,450        ,450        ,           ,           ,           ,           ,           ,           ,           ,           ,           ,           ,           
SBI CARDS & PAY SER LTD             ,SBICARD   ,800        ,800        ,800        ,           ,           ,           ,           ,           ,           ,           ,           ,           ,           ,           
SUPREME INDUSTRIES LTD              ,SUPREMEIND,175        ,175        ,175        ,           ,           ,           ,           ,           ,           ,           ,           ,           ,           ,           
MANKIND PHARMA LIMITED              ,MANKIND   ,225        ,250        ,250        ,           ,           ,           ,           ,           ,           ,           ,           ,           ,           ,           
ULTRATECH CEMENT LIMITED            ,ULTRACEMCO,50         ,50         ,50         ,           ,           ,           ,           ,           ,           ,           ,           ,           ,           ,           
MAX FINANCIAL SERV LTD              ,MFSL      ,400        ,400        ,400        ,           ,           ,           ,           ,           ,           ,           ,           ,           ,           ,           
WAAREE ENERGIES LIMITED             ,WAAREEENER,175        ,175        ,175        ,           ,           ,           ,           ,           ,           ,           ,           ,           ,           ,           
NUVAMA WEALTH MANAGE LTD            ,NUVAMA    ,500        ,500        ,           ,           ,           ,           ,           ,           ,           ,           ,           ,           ,           ,           
RELIANCE INDUSTRIES LTD             ,RELIANCE  ,500        ,500        ,500        ,           ,           ,           ,           ,           ,           ,           ,           ,           ,           ,           
VODAFONE IDEA LIMITED               ,IDEA      ,71475      ,71475      ,71475      ,           ,           ,           ,           ,           ,           ,           ,           ,           ,           ,           
UNION BANK OF INDIA                 ,UNIONBANK ,4425       ,4425       ,4425       ,           ,           ,           ,           ,           ,           ,           ,           ,           ,           ,           
UNO MINDA LIMITED                   ,UNOMINDA  ,550        ,550        ,550        ,           ,           ,           ,           ,           ,           ,           ,           ,           ,           ,           
ZYDUS LIFESCIENCES LTD              ,ZYDUSLIFE ,900        ,900        ,900        ,           ,           ,           ,           ,           ,           ,           ,           ,           ,           ,           
YES BANK LIMITED                    ,YESBANK   ,31100      ,31100      ,31100      ,           ,           ,           ,           ,           ,           ,           ,           ,           ,           ,           
